                  epoch,         train/box_loss,         train/cls_loss,         train/dfl_loss,   metrics/precision(B),      metrics/recall(B),       metrics/mAP50(B),    metrics/mAP50-95(B),           val/box_loss,           val/cls_loss,           val/dfl_loss,                 lr/pg0,                 lr/pg1,                 lr/pg2
                      1,                 1.3824,                 1.2264,                 1.2538,                 0.6829,                 0.4682,                0.51187,                0.26307,                 1.6126,                 1.3148,                 1.4482,             0.00066597,             0.00066597,             0.00066597
                      2,                 1.4519,                 1.2851,                 1.2969,                0.63434,                 0.4772,                0.50954,                0.24804,                 1.6907,                 1.3985,                 1.4946,              0.0010688,              0.0010688,              0.0010688
                      3,                 1.4075,                 1.2359,                 1.2755,                0.67917,                0.50901,                0.56598,                0.29527,                 1.5291,                 1.1914,                 1.4045,              0.0012076,              0.0012076,              0.0012076
                      4,                 1.3431,                 1.1574,                  1.242,                0.71417,                0.53752,                0.59739,                0.31976,                 1.4682,                 1.0823,                 1.3304,               0.000812,               0.000812,               0.000812
                      5,                 1.2628,                 1.0784,                 1.2058,                0.74107,                0.55131,                0.61971,                0.34422,                 1.3602,                 1.0024,                 1.2501,               0.000416,               0.000416,               0.000416
